{"type": "block", "layer": 2, "block": 0, "features": [{"geom": {"lines": [[227.98084992246004, 35.11057745339349, 0.0, 210.7136499218759, 117.72977745393291, 0.0, -57.36785007751314, 72.680177454371, 0.0, -208.35655007808236, 41.36847745301202, 0.0, -170.85385007801233, -150.58282254589722, 0.0, -145.51745007763384, -145.77532254671678, 0.0, -127.97415007761447, -142.3010225459002, 0.0, 12.926749922160525, -115.99262254638597, 0.0, 136.55954992194893, -88.73222254728898, 0.0, 183.1740499220905, -77.98662254726514, 0.0, 172.93394992203685, -32.86262254556641, 0.0, 239.08204992191168, -18.109222545754164, 0.0, 227.98084992246004, 35.11057745339349, 0.0]], "bh": 5.0}, "mtl": {"idx": 0}}], "featureCount": 1, "startIndex": 0}